INSERT INTO "PUBLIC"."STUDENT"
( "ID", "NAME", "RELIGION", "CASTE", "SUB_CASTE", "COMMUNITY_LOCATION" ,"STUDENT_ID", "GENDER", "DATE_OF_BIRTH", "STUDENT_CLASS")
VALUES (1 , 'Chandru', 'Hindu', 'SC', 'AD', 'Bhuvaneshwari Slum','12345', 'Male', '1994-02-12', '10 Std')
INSERT INTO "PUBLIC"."STUDENT"
( "ID", "NAME", "RELIGION", "CASTE", "SUB_CASTE", "COMMUNITY_LOCATION" ,"STUDENT_ID", "GENDER", "DATE_OF_BIRTH", "STUDENT_CLASS")
VALUES (2 , 'Haripriya', 'Hindu', 'ST', '', 'Buvaneshwari Slum','34545', 'Female', '1997-03-20', '9 Std')
INSERT INTO "PUBLIC"."STUDENT"
( "ID", "NAME", "RELIGION", "CASTE", "SUB_CASTE", "COMMUNITY_LOCATION" ,"STUDENT_ID", "GENDER", "DATE_OF_BIRTH", "STUDENT_CLASS")
VALUES (3 , 'Anok', 'Hindu', 'SC', 'AK', 'Subramnya Nagar','64262','Male', '1997-02-08', '6 Std')
INSERT INTO "PUBLIC"."STUDENT"
( "ID", "NAME", "RELIGION", "CASTE", "SUB_CASTE", "COMMUNITY_LOCATION" ,"STUDENT_ID", "GENDER", "DATE_OF_BIRTH", "STUDENT_CLASS")
VALUES (4 , 'Abhishek', 'Hindu', 'SC', 'AK', 'Chamundi Nagar','16346', 'Male', '2001-11-19', '4 Std')
INSERT INTO "PUBLIC"."STUDENT"
( "ID", "NAME", "RELIGION", "CASTE", "SUB_CASTE", "COMMUNITY_LOCATION" ,"STUDENT_ID", "GENDER", "DATE_OF_BIRTH", "STUDENT_CLASS")
VALUES (5 , 'Chandana', 'Christian', 'Shetty', '', 'Gudadhalli','83415', 'Female', '2003-05-15', '1 Std')
INSERT INTO "PUBLIC"."STUDENT"
( "ID", "NAME", "RELIGION", "CASTE", "SUB_CASTE", "COMMUNITY_LOCATION" ,"STUDENT_ID", "GENDER", "DATE_OF_BIRTH", "STUDENT_CLASS")
VALUES (6 , 'Armugam', 'Hindu', 'SC', '', 'Cholanaykanahalli','23462', 'Male', '2003-06-19', 'UKG')
INSERT INTO "PUBLIC"."STUDENT"
( "ID", "NAME", "RELIGION", "CASTE", "SUB_CASTE", "COMMUNITY_LOCATION" ,"STUDENT_ID", "GENDER", "DATE_OF_BIRTH", "STUDENT_CLASS")
VALUES (7 , 'Bhavani', 'Hindu', 'SC', '', 'Bhuvaneshwari Slum','SK20090080', 'Female', '2004-02-22', 'UKG')

INSERT INTO "PUBLIC"."TALENT" VALUES ( 1, 'Acting' );
INSERT INTO "PUBLIC"."TALENT" VALUES ( 2, 'Arts & Crafts' );
INSERT INTO "PUBLIC"."TALENT" VALUES ( 3, 'Creative Writing' );
INSERT INTO "PUBLIC"."TALENT" VALUES ( 4, 'Dancing' );
INSERT INTO "PUBLIC"."TALENT" VALUES ( 5, 'Mimicry' );
INSERT INTO "PUBLIC"."TALENT" VALUES ( 6, 'Pick & Speak' );
INSERT INTO "PUBLIC"."TALENT" VALUES ( 7, 'Public Speaking' );
INSERT INTO "PUBLIC"."TALENT" VALUES ( 8, 'Reading' );
INSERT INTO "PUBLIC"."TALENT" VALUES ( 9, 'Singing' );
INSERT INTO "PUBLIC"."TALENT" VALUES (10, 'Sports' );
INSERT INTO "PUBLIC"."TALENT" VALUES (11, 'Story Telling' );

INSERT INTO "PUBLIC"."STUDENT_TALENT" VALUES (1,1);
INSERT INTO "PUBLIC"."STUDENT_TALENT" VALUES (1,10);
INSERT INTO "PUBLIC"."STUDENT_TALENT" VALUES (3,2);
INSERT INTO "PUBLIC"."STUDENT_TALENT" VALUES (3,5);
INSERT INTO "PUBLIC"."STUDENT_TALENT" VALUES (4,1);
INSERT INTO "PUBLIC"."STUDENT_TALENT" VALUES (5,1);
INSERT INTO "PUBLIC"."STUDENT_TALENT" VALUES (6,2);
INSERT INTO "PUBLIC"."STUDENT_TALENT" VALUES (6,3);
INSERT INTO "PUBLIC"."STUDENT_TALENT" VALUES (6,10);
INSERT INTO "PUBLIC"."STUDENT_TALENT" VALUES (6,11);
INSERT INTO "PUBLIC"."STUDENT_TALENT" VALUES (7,6);

INSERT INTO "PUBLIC"."NOTE"
( "NOTE_ID", "MESSAGE", "NOTE_DATE" )
VALUES ( 1, 'Good girl', '2010-09-14 00:00:00');

INSERT INTO "PUBLIC"."NOTE"
( "NOTE_ID", "MESSAGE", "NOTE_DATE" )
VALUES ( 2, 'Very talented and smart. Got a gold medal in maths today and broke the record', '2010-09-14 00:00:00');

INSERT INTO "PUBLIC"."NOTE"
( "NOTE_ID", "MESSAGE", "NOTE_DATE" )
VALUES ( 3, 'Very talented and smart. Got a gold medal in maths today and broke the record :)', '2010-09-14 00:00:00');

INSERT INTO "PUBLIC"."STUDENT_NOTE"
( "NOTE_ID", "STUDENT_ID" )
VALUES (1,7);
INSERT INTO "PUBLIC"."STUDENT_NOTE"
( "NOTE_ID", "STUDENT_ID" )
VALUES (2,7);
INSERT INTO "PUBLIC"."STUDENT_NOTE"
( "NOTE_ID", "STUDENT_ID" )
VALUES (3,7);


INSERT INTO "PUBLIC"."EVENT"
("ID","TITLE", "VENUE","COORDINATOR","DESCRIPTION","NOTES","DATE")
VALUES
(1,'Annual Day', 'Bangalore 2','Rebecca Sliter','This is a event description. It is a test.','This is a note','2011-02-20 00:00:00');

INSERT INTO "PUBLIC"."EVENT"
("ID","TITLE", "VENUE","COORDINATOR","DESCRIPTION","NOTES","DATE")
VALUES
(2,'Sports Day', 'Bangalore agra','Suhas Vishwanath','This is a event description. It is a test.','This is a note','2011-03-25 00:00:00');

INSERT INTO "PUBLIC"."EVENT"
("ID","TITLE", "VENUE","COORDINATOR","DESCRIPTION","NOTES","DATE")
VALUES
(3,'Independence Day', 'Bangalore agra','Shefali','This is a event description. It is a test.','This is a note','2011-02-27 00:00:00');


INSERT INTO EVENT_ATTENDEES ("EVENT_ID","STUDENT_ID") VALUES (1,1);
INSERT INTO EVENT_ATTENDEES ("EVENT_ID","STUDENT_ID") VALUES (1,2);
INSERT INTO EVENT_ATTENDEES ("EVENT_ID","STUDENT_ID") VALUES (1,3);
INSERT INTO EVENT_ATTENDEES ("EVENT_ID","STUDENT_ID") VALUES (2,1);
INSERT INTO EVENT_ATTENDEES ("EVENT_ID","STUDENT_ID") VALUES (2,2);