INSERT INTO "PUBLIC"."STUDENT"
( "ID", "NAME", "RELIGION", "CASTE", "SUB_CASTE", "COMMUNITY_LOCATION" ,"STUDENT_ID", "GENDER", "DATE_OF_BIRTH", "STUDENT_CLASS","STUDENT_PROFILE")
VALUES (1 , 'Chandru', 'Hindu', 'SC', 'AD', 'Bhuvaneshwari Slum','12345', 'Male', '1994-02-12', '9 Std',1)
INSERT INTO "PUBLIC"."STUDENT"
( "ID", "NAME", "RELIGION", "CASTE", "SUB_CASTE", "COMMUNITY_LOCATION" ,"STUDENT_ID", "GENDER", "DATE_OF_BIRTH", "STUDENT_CLASS" , "STUDENT_PROFILE")
VALUES (2 , 'Haripriya', 'Hindu', 'ST', '', 'Buvaneshwari Slum','34545', 'Female', '1997-03-20', '9 Std',2)
INSERT INTO "PUBLIC"."STUDENT"
( "ID", "NAME", "RELIGION", "CASTE", "SUB_CASTE", "COMMUNITY_LOCATION" ,"STUDENT_ID", "GENDER", "DATE_OF_BIRTH", "STUDENT_CLASS", "IMAGE_LINK","STUDENT_PROFILE", "FAMILY_STATUS_ENUMS", "SPONSOR","SPONSOR_EMAIL", "SPONSOR_START_DATE")
VALUES (3 , 'Anok', 'Hindu', 'SC', 'AK', 'Subramnya Nagar','64262','Male', '1997-02-08', '6 Std', '3',3, 1, 'Tim','Tim@gmail.com', '2011-07-13')
INSERT INTO "PUBLIC"."STUDENT"
( "ID", "NAME", "RELIGION", "CASTE", "SUB_CASTE", "COMMUNITY_LOCATION" ,"STUDENT_ID", "GENDER", "DATE_OF_BIRTH", "STUDENT_CLASS","STUDENT_PROFILE", "SPONSOR","SPONSOR_EMAIL")
VALUES (4 , 'Abhishek', 'Hindu', 'SC', 'AK', 'Chamundi Nagar','16346', 'Male', '2001-11-19', '4 Std',4, 'Tim','Tim@gmail.com')
INSERT INTO "PUBLIC"."STUDENT"
( "ID", "NAME", "RELIGION", "CASTE", "SUB_CASTE", "COMMUNITY_LOCATION" ,"STUDENT_ID", "GENDER", "DATE_OF_BIRTH", "STUDENT_CLASS","STUDENT_PROFILE","FAMILY_STATUS_ENUMS")
VALUES (5 , 'Chandana', 'Christian', 'Shetty', '', 'Guddadahalli','83415', 'Female', '2004-05-15', '1 Std',5, 0)
INSERT INTO "PUBLIC"."STUDENT"
( "ID", "NAME", "RELIGION", "CASTE", "SUB_CASTE", "COMMUNITY_LOCATION" ,"STUDENT_ID", "GENDER", "DATE_OF_BIRTH", "STUDENT_CLASS","STUDENT_PROFILE", "SPONSOR")
VALUES (6 , 'Armugam', 'Hindu', 'SC', '', 'Cholanaykanahalli','23462', 'Male', '2003-06-19', 'UKG',6, 'Jim')
INSERT INTO "PUBLIC"."STUDENT"
( "ID", "NAME", "RELIGION", "CASTE", "SUB_CASTE", "COMMUNITY_LOCATION" ,"STUDENT_ID", "GENDER", "DATE_OF_BIRTH", "STUDENT_CLASS", "STUDENT_DISCIPLINARY", "STUDENT_PERFORMANCE","STUDENT_PROFILE", "SPONSOR")
VALUES (7 , 'Bhavani', 'Hindu', 'SC', '', 'Bhuvaneshwari Slum','SK20090080', 'Female', '2004-02-22', 'UKG', 'Excellent', 'A+',7, 'Stan')
INSERT INTO "PUBLIC"."STUDENT"
( "ID", "NAME", "COMMUNITY_LOCATION" ,"STUDENT_ID", "GENDER", "DATE_OF_BIRTH", "STUDENT_CLASS","STATUS")
VALUES (8 , 'Balaji', 'Diamond District','12345678', 'Male', '2001-02-22', '10 Std', 2)
INSERT INTO "PUBLIC"."STUDENT"
( "ID", "NAME", "COMMUNITY_LOCATION" ,"STUDENT_ID", "GENDER", "DATE_OF_BIRTH", "STUDENT_CLASS")
VALUES (9 , 'Peter', 'Diamond District','91767258', 'Male', '2001-02-12', '10 Std')
INSERT INTO "PUBLIC"."STUDENT"
( "ID", "NAME", "COMMUNITY_LOCATION" ,"STUDENT_ID", "GENDER", "DATE_OF_BIRTH", "STUDENT_CLASS","STATUS")
VALUES (10 , 'Joel', 'Diamond District','1111', 'Male', '2001-02-12', '3 Std',1)

INSERT INTO "PUBLIC"."TALENT" VALUES (1, 'Acting' );
INSERT INTO "PUBLIC"."TALENT" VALUES (2, 'Arts & Crafts' );
INSERT INTO "PUBLIC"."TALENT" VALUES (3, 'Creative Writing' );
INSERT INTO "PUBLIC"."TALENT" VALUES (4, 'Dancing' );
INSERT INTO "PUBLIC"."TALENT" VALUES (5, 'Mimicry' );
INSERT INTO "PUBLIC"."TALENT" VALUES (6, 'Musical Instrument' );
INSERT INTO "PUBLIC"."TALENT" VALUES (7, 'Pick & Speak' );
INSERT INTO "PUBLIC"."TALENT" VALUES (8, 'Public Speaking' );
INSERT INTO "PUBLIC"."TALENT" VALUES (9, 'Reading' );
INSERT INTO "PUBLIC"."TALENT" VALUES (10, 'Singing' );
INSERT INTO "PUBLIC"."TALENT" VALUES (11, 'Sports' );
INSERT INTO "PUBLIC"."TALENT" VALUES (12, 'Story Telling' );

INSERT INTO "PUBLIC"."STUDENT_TALENT" VALUES (1,1);
INSERT INTO "PUBLIC"."STUDENT_TALENT" VALUES (1,10);
INSERT INTO "PUBLIC"."STUDENT_TALENT" VALUES (3,2);
INSERT INTO "PUBLIC"."STUDENT_TALENT" VALUES (3,5);
INSERT INTO "PUBLIC"."STUDENT_TALENT" VALUES (4,1);
INSERT INTO "PUBLIC"."STUDENT_TALENT" VALUES (5,1);
INSERT INTO "PUBLIC"."STUDENT_TALENT" VALUES (6,2);
INSERT INTO "PUBLIC"."STUDENT_TALENT" VALUES (6,3);
INSERT INTO "PUBLIC"."STUDENT_TALENT" VALUES (6,10);
INSERT INTO "PUBLIC"."STUDENT_TALENT" VALUES (6,11);
INSERT INTO "PUBLIC"."STUDENT_TALENT" VALUES (7,6);


INSERT INTO "PUBLIC"."PROFILE"
( "ID", "BACKGROUND")
VALUES (1, 'Born in India');

INSERT INTO "PUBLIC"."PROFILE"
( "ID", "BACKGROUND")
VALUES (2, 'Born in India');

INSERT INTO "PUBLIC"."PROFILE"
( "ID", "BACKGROUND")
VALUES (3, 'Born in India');

INSERT INTO "PUBLIC"."PROFILE"
( "ID", "BACKGROUND")
VALUES (4, 'Born in India');

INSERT INTO "PUBLIC"."PROFILE"
( "ID", "BACKGROUND")
VALUES (5, 'Born in India');

INSERT INTO "PUBLIC"."PROFILE"
( "ID", "BACKGROUND")
VALUES (6, 'Born in India');

INSERT INTO "PUBLIC"."PROFILE"
( "ID", "BACKGROUND")
VALUES (7, 'Born in India');

INSERT INTO "PUBLIC"."NOTE"
( "ID", "MESSAGE", "DATE" )
VALUES ( 1, 'Good girl', '2010-09-14 00:00:00');

INSERT INTO "PUBLIC"."NOTE"
( "ID", "MESSAGE", "DATE" )
VALUES ( 2, 'Very talented and smart. Got a gold medal in maths today and broke the record', '2010-09-14 00:00:00');

INSERT INTO "PUBLIC"."NOTE"
( "ID", "MESSAGE", "DATE" )
VALUES ( 3, 'Very talented and smart. Got a gold medal in maths today and broke the record :)', '2010-09-14 00:00:00');

INSERT INTO "PUBLIC"."STUDENT_NOTE"
( "NOTE_ID", "STUDENT_ID" )
VALUES (1,7);
INSERT INTO "PUBLIC"."STUDENT_NOTE"
( "NOTE_ID", "STUDENT_ID" )
VALUES (2,7);
INSERT INTO "PUBLIC"."STUDENT_NOTE"
( "NOTE_ID", "STUDENT_ID" )
VALUES (3,7);


INSERT INTO "PUBLIC"."EVENT"
("ID","TITLE", "VENUE","COORDINATOR","DESCRIPTION","NOTES","END_DATE")
VALUES
(1,'Annual Day', 'Bangalore 2','Rebecca Sliter','This is a event description. It is a test.','This is a note','2011-02-20 00:00:00');

INSERT INTO "PUBLIC"."EVENT"
("ID","TITLE", "VENUE","COORDINATOR","DESCRIPTION","NOTES","END_DATE")
VALUES
(2,'Sports Day', 'Bangalore agra','Suhas Vishwanath','This is a event description. It is a test.','This is a note','2011-03-25 00:00:00');

INSERT INTO "PUBLIC"."EVENT"
("ID","TITLE", "VENUE","COORDINATOR","DESCRIPTION","NOTES","END_DATE")
VALUES
(3,'Independence Day', 'Bangalore agra','Shefali','This is a event description. It is a test.','This is a note','2011-02-27 00:00:00');

INSERT INTO "PUBLIC"."EVENT"
("ID","TITLE", "VENUE","COORDINATOR","DESCRIPTION","NOTES","END_DATE")
VALUES
(4,'Spice Girls', 'P-81 Diamond District','Joel Tellez','This is a event description. It is a test.','This is a note','2011-04-05 00:00:00');

INSERT INTO EVENT_ATTENDEES ("EVENT_ID","STUDENT_ID") VALUES (1,1);
INSERT INTO EVENT_ATTENDEES ("EVENT_ID","STUDENT_ID") VALUES (1,2);
INSERT INTO EVENT_ATTENDEES ("EVENT_ID","STUDENT_ID") VALUES (1,3);
INSERT INTO EVENT_ATTENDEES ("EVENT_ID","STUDENT_ID") VALUES (2,1);
INSERT INTO EVENT_ATTENDEES ("EVENT_ID","STUDENT_ID") VALUES (2,2);
INSERT INTO EVENT_ATTENDEES ("EVENT_ID","STUDENT_ID") VALUES (4,2);

INSERT INTO BIGNEED ("ITEM_NAME", "COST", "PRIORITY") VALUES ('Power Generator', 50000, 1);
INSERT INTO BIGNEED ("ITEM_NAME", "COST", "PRIORITY") VALUES ('Air Coolers', 20000, 5);
INSERT INTO BIGNEED ("ITEM_NAME", "COST", "PRIORITY") VALUES ('School Bus', 200000, 3);
INSERT INTO BIGNEED ("ITEM_NAME", "COST", "PRIORITY") VALUES ('Water Purifier', 25000, 4);
INSERT INTO BIGNEED ("ITEM_NAME", "COST", "PRIORITY") VALUES ('Computer', 120000, 2);

INSERT INTO SMALLNEED ("ITEM_NAME", "COST", "COMMENT", "PRIORITY") VALUES ('School Uniform', 5000, 'For Aarthi', 1);
INSERT INTO SMALLNEED ("ITEM_NAME", "COST", "COMMENT", "PRIORITY") VALUES ('Books', 8000, 'For Joe', 2);

INSERT INTO SUBSCRIBER ("SUBSCRIBERNAME", "SUBSCRIBEREMAIL") VALUES ('Roberto', 'robocop@aljksaj.com');
INSERT INTO SUBSCRIBER ("SUBSCRIBERNAME", "SUBSCRIBEREMAIL") VALUES ('Sree', 'sree@abcd.com');



